{
    "highscore": 1,
    "scherm": {
        "breedte": 600,
        "hoogte": 400
    },
    "slang": {
        "grootte": 10,
        "snelheid": 15
    },
    "eten": 10,
    "wit": {
        "kleur": {
            "0": [
                255,
                255,
                255
            ]
        }
    },
    "rood": {
        "kleur": {
            "1": [
                255,
                0,
                0
            ]
        }
    },
    "groen": {
        "kleur": {
            "2": [
                0,
                255,
                0
            ]
        }
    },
    "blauw": {
        "kleur": {
            "3": [
                0,
                255,
                255
            ]
        }
    }
}